151672.00,150,150
6c33dc1f76174fab5cb0deb3efdf108b,300.53,DEBIT,Abernathy LLC,43e98db1-227a-49bb-98d1-63da3302d50b,2020-10-28T23:20:21.433Z
920a7a885172bb624dc8e778607f798a,130.27,CREDIT,Morar Schinner and Greenfelder,b7810cfa-439b-4ee6-9e9d-62c4a2311368,2020-10-30T08:20:05.221Z
6c33dc1f76174fab5cb0deb3efdf108b,570.8,DEBIT,Welch Mraz and Upton,68a7d24c-0b55-4b17-8053-49140f9967f9,2020-10-24T23:33:36.180Z
920a7a885172bb624dc8e778607f798a,45.78,CREDIT,Ullrich - Veum,9ca61135-1783-439e-bfb9-433cb86860d9,2020-10-30T11:13:14.798Z
6c33dc1f76174fab5cb0deb3efdf108b,961.96,DEBIT,Walter Inc,3281f3f9-a463-4cc5-80d2-1446d1345593,2020-10-09T08:55:38.330Z
6c33dc1f76174fab5cb0deb3efdf108b,386.32,CREDIT,Kuhlman - Gibson,039fb8aa-a149-40ab-b922-c4a6ea432231,2020-10-18T01:29:50.520Z
6c33dc1f76174fab5cb0deb3efdf108b,63.07,DEBIT,Borer Hermiston and Jenkins,8b1c16b5-0819-442a-9e98-34f7d64e0ba9,2020-10-05T19:08:43.016Z
6c33dc1f76174fab5cb0deb3efdf108b,665.63,CREDIT,Marks O'Kon and Kunde,3b07a982-8f59-4865-90d5-7f5d8d8026dd,2020-10-08T10:27:41.571Z
920a7a885172bb624dc8e778607f798a,554.22,DEBIT,Hintz Inc,dfad8fd0-4375-4eff-b28d-e28684a82b9c,2020-11-03T00:05:55.434Z
eaaa5356e9cd66740ebb30579c67b480,685.49,CREDIT,Jaskolski LLC,4f365481-35c9-4e6c-bac1-e9776b8d89d4,2020-10-29T14:19:28.176Z
eaaa5356e9cd66740ebb30579c67b480,82.07,DEBIT,Simonis LLC,49b15616-c6da-468a-866f-a48f7226a14b,2020-10-15T08:28:21.074Z
eaaa5356e9cd66740ebb30579c67b480,934.5,CREDIT,Hintz and Sons,2ca7b20e-4231-4c45-bb11-ddb8e49bc2e0,2020-10-29T23:06:19.211Z
eaaa5356e9cd66740ebb30579c67b480,410.79,DEBIT,McCullough - Kozey,b3129bca-dcf5-40c3-a8e9-31bbb2351599,2020-10-09T09:29:29.844Z
6c33dc1f76174fab5cb0deb3efdf108b,968.91,CREDIT,Dare Group,705990a1-0eed-4a53-bfc1-eb38e9bb42b8,2020-10-11T12:45:24.031Z
6c33dc1f76174fab5cb0deb3efdf108b,635.28,DEBIT,Watsica Hartmann and Zulauf,b7475f0d-aa1f-451c-b4fc-b82ee3c8f95e,2020-10-20T20:48:26.071Z
6c33dc1f76174fab5cb0deb3efdf108b,413.08,CREDIT,O'Keefe Group,ac23d1fb-62f2-4c3d-b6a1-43d28e19fdb4,2020-10-29T12:13:16.816Z
eaaa5356e9cd66740ebb30579c67b480,875.37,DEBIT,Hilpert Morissette and Zemlak,03518a2d-4873-4365-8335-4ba86fd06b65,2020-10-23T14:06:23.038Z
6c33dc1f76174fab5cb0deb3efdf108b,617.6,CREDIT,Hintz Weber and Lynch,3edc8062-ddfa-4e72-8747-197832855578,2020-10-12T10:59:02.255Z
920a7a885172bb624dc8e778607f798a,761.05,DEBIT,Keebler Group,64bc7bd1-66bb-4b7f-9856-ab9d5cfb1150,2020-10-07T01:01:39.960Z
920a7a885172bb624dc8e778607f798a,207.66,CREDIT,Kris Inc,105d3948-29d4-4e24-9624-4b2401c79d67,2020-10-26T23:56:04.580Z
6c33dc1f76174fab5cb0deb3efdf108b,78.6,DEBIT,McCullough Okuneva and Hintz,f76eac1a-be33-4a7b-8626-e05a483a6809,2020-10-19T12:36:30.457Z
eaaa5356e9cd66740ebb30579c67b480,272.31,CREDIT,McClure - Pacocha,57d0a603-94cd-4214-9550-536415eebb4b,2020-10-07T12:33:46.802Z
920a7a885172bb624dc8e778607f798a,146.08,DEBIT,Kreiger - Howell,b3acf6cf-c453-4fd6-b294-9d9869a51afc,2020-10-06T20:00:56.924Z
eaaa5356e9cd66740ebb30579c67b480,890.57,CREDIT,Zemlak Klein and Rowe,2241cc73-add2-4669-abc7-e5cd71d1f8ed,2020-10-11T15:31:51.962Z
6c33dc1f76174fab5cb0deb3efdf108b,343.6,DEBIT,Wisoky - Tremblay,ee2b3f40-1ba4-4d59-93e7-2ee4b48c5d4f,2020-10-29T04:34:25.193Z
6c33dc1f76174fab5cb0deb3efdf108b,989.55,CREDIT,D'Amore Nikolaus and Huels,6ee9338c-f720-4208-8453-6cdbd20f79aa,2020-10-18T02:57:21.581Z
920a7a885172bb624dc8e778607f798a,556.9,DEBIT,Mante Emmerich and Mertz,24fee8da-6c8e-41d4-bd6a-2b59b33056c9,2020-10-06T03:58:07.200Z
eaaa5356e9cd66740ebb30579c67b480,994.89,CREDIT,Ziemann - Carter,e43533c7-0ddf-48ed-a8a3-531bb943cc4d,2020-10-31T02:59:03.776Z
920a7a885172bb624dc8e778607f798a,720.84,DEBIT,Smith Reichert and Kerluke,54b8414f-aca6-4571-8bc2-92f8b34a4b56,2020-11-01T23:22:21.118Z
eaaa5356e9cd66740ebb30579c67b480,845.17,CREDIT,Corwin - Spinka,710c7e4c-a682-4448-a1c9-a00cae03cef7,2020-10-11T18:41:06.449Z
eaaa5356e9cd66740ebb30579c67b480,631.34,DEBIT,Von - DuBuque,fa5d5d11-a068-4a6d-9236-279c715ea40d,2020-10-22T04:39:32.419Z
eaaa5356e9cd66740ebb30579c67b480,269.91,CREDIT,Kreiger - Crist,d812fdc2-adb9-4127-b4c1-6e7c0b3c3fba,2020-10-22T08:56:21.990Z
eaaa5356e9cd66740ebb30579c67b480,642.75,DEBIT,Swaniawski Stracke and Wiegand,f4c83cba-a17e-49a7-87dc-9ec62e2afd3c,2020-10-17T15:48:52.466Z
6c33dc1f76174fab5cb0deb3efdf108b,900.8,CREDIT,Walker Group,c573661d-0775-47e1-93ee-0ecd092dd098,2020-10-25T10:15:33.154Z
eaaa5356e9cd66740ebb30579c67b480,494.94,DEBIT,Bednar Hermann and Hoeger,4590e5c2-560f-48a7-9277-70df7cfbaba4,2020-10-21T13:58:22.984Z
eaaa5356e9cd66740ebb30579c67b480,750.77,CREDIT,Crona - Hegmann,02c8d8b5-79c4-46eb-9e47-815897bed2d1,2020-10-12T19:41:44.687Z
920a7a885172bb624dc8e778607f798a,219.96,DEBIT,Goodwin - Walsh,c36e25f4-6a56-40ce-8428-fa1167302a68,2020-10-30T07:48:13.468Z
920a7a885172bb624dc8e778607f798a,908.88,CREDIT,Konopelski - Collier,fa22d6db-7068-42fc-81e6-00bf11500724,2020-10-26T03:21:22.655Z
6c33dc1f76174fab5cb0deb3efdf108b,227.74,DEBIT,Carter Inc,f98132d6-dd32-4d93-8fb2-8ea5dbb9e95c,2020-11-02T19:47:28.557Z
920a7a885172bb624dc8e778607f798a,277.51,CREDIT,Price - Glover,4a780446-04f9-47c8-8b24-3dcd720570cd,2020-10-18T20:10:15.826Z
6c33dc1f76174fab5cb0deb3efdf108b,195.37,DEBIT,Toy Inc,5c646f0c-5d86-4235-970a-c374c214e9d5,2020-10-11T09:35:43.707Z
eaaa5356e9cd66740ebb30579c67b480,751.17,CREDIT,Herzog Group,86462873-d0c4-4bc9-82a0-99966bc89f58,2020-10-21T13:59:06.990Z
920a7a885172bb624dc8e778607f798a,552.14,DEBIT,Wiza - Simonis,88cf1f1d-a645-496f-bb30-d56154e88aeb,2020-10-27T22:22:34.513Z
eaaa5356e9cd66740ebb30579c67b480,954.02,CREDIT,Gleason LLC,39e3ed7a-187c-494f-8589-8976d4a609f1,2020-10-21T15:40:17.704Z
920a7a885172bb624dc8e778607f798a,765.83,DEBIT,Blanda - Moore,3f0784f5-25a6-4e3e-a6cb-0b4cc8e93b5b,2020-10-10T14:47:44.626Z
920a7a885172bb624dc8e778607f798a,328.97,CREDIT,Yost - Emmerich,397323d1-98d0-48cf-9d7c-d2554b795fd4,2020-10-28T11:39:29.968Z
6c33dc1f76174fab5cb0deb3efdf108b,119.09,DEBIT,Mosciski Group,021706c7-f777-4199-8811-57cedbf10d1a,2020-10-10T00:14:42.383Z
6c33dc1f76174fab5cb0deb3efdf108b,122.35,CREDIT,Keeling Swaniawski and Little,bcabe52a-5cb1-48a3-bcc3-80025b2a99ca,2020-10-29T15:48:39.601Z
eaaa5356e9cd66740ebb30579c67b480,848.86,DEBIT,Borer Schowalter and Renner,89c39eeb-53de-49d3-919a-5020b40fa416,2020-10-05T20:04:35.124Z
eaaa5356e9cd66740ebb30579c67b480,466.74,CREDIT,Harvey - Kessler,9415a236-0361-4e9b-9d2d-fbb6cda44b11,2020-10-21T11:31:42.983Z
6c33dc1f76174fab5cb0deb3efdf108b,775.52,DEBIT,Bashirian Paucek and Langosh,38075efb-a988-4509-865d-ede66f3db242,2020-10-10T20:02:41.734Z
eaaa5356e9cd66740ebb30579c67b480,320.54,CREDIT,Leuschke Langosh and Gottlieb,95075ca4-ac36-4454-b6ca-813610d67c69,2020-10-08T07:45:11.489Z
eaaa5356e9cd66740ebb30579c67b480,112.56,DEBIT,Kemmer Swift and Smith,ddf6a51a-f24b-4805-a4fb-3008810ecf07,2020-10-26T14:51:56.209Z
eaaa5356e9cd66740ebb30579c67b480,398.03,CREDIT,Walsh - Sporer,a6c9e466-5100-49dd-9f59-86cf9242b6c2,2020-10-20T06:49:57.707Z
eaaa5356e9cd66740ebb30579c67b480,387.02,DEBIT,Durgan Inc,0c3c75ae-ed1b-4f4e-b2b7-33ca90d6b5b8,2020-10-05T17:36:35.727Z
920a7a885172bb624dc8e778607f798a,363.05,CREDIT,Quitzon LLC,e8507662-76c5-4e27-abb2-6da0fd346314,2020-10-31T15:14:54.900Z
eaaa5356e9cd66740ebb30579c67b480,369.05,DEBIT,Stoltenberg - Nienow,866a7d5b-8e92-430f-b34b-02c9e54f582e,2020-10-23T03:40:29.251Z
920a7a885172bb624dc8e778607f798a,51.94,CREDIT,Mosciski Braun and Lakin,dc0ca741-538b-4f78-a789-0898d70f289a,2020-10-30T17:00:43.658Z
920a7a885172bb624dc8e778607f798a,757.76,DEBIT,Bergstrom Inc,07a9b697-ae7f-4e2e-bafd-d85b801d03da,2020-10-18T18:28:39.126Z
6c33dc1f76174fab5cb0deb3efdf108b,165.2,CREDIT,Hansen - Hermann,9cb2f43c-bbeb-449b-b3c1-f807897dbd10,2020-10-07T12:57:48.631Z
eaaa5356e9cd66740ebb30579c67b480,609.08,DEBIT,Lubowitz LLC,a782b4aa-b8fc-4371-a5b9-21ad51b84828,2020-10-30T13:04:21.605Z
6c33dc1f76174fab5cb0deb3efdf108b,376.53,CREDIT,Cormier - Jenkins,5b59ef4b-82f5-48cf-850c-6c517e6fbec7,2020-10-06T01:36:30.987Z
eaaa5356e9cd66740ebb30579c67b480,699.08,DEBIT,Kulas - Kuvalis,40d160f8-9006-4023-a314-f4351da9f458,2020-10-11T22:25:52.408Z
eaaa5356e9cd66740ebb30579c67b480,210.38,CREDIT,Rau - Abernathy,ffca7185-23a7-4aed-a7f3-eb3d480d50bf,2020-10-27T02:50:11.789Z
eaaa5356e9cd66740ebb30579c67b480,441.47,DEBIT,Emmerich Tromp and Koepp,622088e2-13af-4e54-be48-8f7e03134b27,2020-10-25T04:11:05.882Z
eaaa5356e9cd66740ebb30579c67b480,640.02,CREDIT,Huel - Miller,d683014e-97e0-4b36-aa70-3c80fc65c80b,2020-10-06T10:51:45.042Z
920a7a885172bb624dc8e778607f798a,580.71,DEBIT,Schroeder - Labadie,f6df4d61-a7ae-45e0-8a49-d051d8ada440,2020-11-03T04:28:34.392Z
920a7a885172bb624dc8e778607f798a,752.91,CREDIT,Schroeder - Dare,31284a89-22fd-4011-88f1-d2834eb0fd2d,2020-10-10T21:05:08.203Z
920a7a885172bb624dc8e778607f798a,118.94,DEBIT,Flatley - O'Hara,37f9602c-4601-45f4-a8c5-d2d10dd6ddcf,2020-10-09T08:00:11.175Z
920a7a885172bb624dc8e778607f798a,795.76,CREDIT,Kihn and Sons,ce917b93-bfde-496f-bfe7-84d703749be3,2020-10-21T06:32:02.064Z
eaaa5356e9cd66740ebb30579c67b480,284.49,DEBIT,Padberg LLC,7d928d1f-8ace-4beb-8ba9-5de3e7889ad4,2020-10-26T01:21:26.681Z
920a7a885172bb624dc8e778607f798a,373.57,CREDIT,Wisozk - Schimmel,98cfcc94-55f4-404a-8d1b-41979ab82521,2020-10-24T10:20:48.481Z
eaaa5356e9cd66740ebb30579c67b480,692.18,DEBIT,Hoeger Harvey and Mohr,3a8388ed-a460-49f0-93e9-c4148c2a6ef6,2020-10-15T13:26:50.401Z
920a7a885172bb624dc8e778607f798a,459.97,CREDIT,Huel - Wilkinson,7e0d420f-954f-44f6-8e18-e63d4cdd6c2d,2020-11-02T16:25:07.700Z
eaaa5356e9cd66740ebb30579c67b480,591.86,DEBIT,Jacobi Rowe and Heathcote,bc0ea2ac-98c8-4688-ad9f-e5dc9ae53d06,2020-10-09T19:31:43.039Z
eaaa5356e9cd66740ebb30579c67b480,576.12,CREDIT,Parker Group,765cc794-66c0-4256-b206-87b085dd648e,2020-10-30T13:16:05.136Z
6c33dc1f76174fab5cb0deb3efdf108b,644.64,DEBIT,Bayer Marks and Kemmer,bd5df3d1-4f9e-41c5-a385-7aa43d2c7de9,2020-10-30T18:47:11.436Z
920a7a885172bb624dc8e778607f798a,475.5,CREDIT,Botsford - Thiel,d93d47b9-349d-4985-bb83-78999bd5c5f6,2020-10-15T16:31:56.401Z
6c33dc1f76174fab5cb0deb3efdf108b,780.23,DEBIT,VonRueden Considine and Nolan,c3f787f2-61f1-4b93-97e1-5a095250e424,2020-10-12T20:12:31.025Z
eaaa5356e9cd66740ebb30579c67b480,451.01,CREDIT,Hermann - Doyle,9dd5e1dc-72cd-425b-a5de-66f7454cf211,2020-10-12T17:38:07.906Z
920a7a885172bb624dc8e778607f798a,449.16,DEBIT,Armstrong Group,0e236c29-0a18-4c8d-8039-3d8f1cf0a1b4,2020-10-27T09:19:46.433Z
eaaa5356e9cd66740ebb30579c67b480,868.29,CREDIT,McDermott Inc,ff652fef-a02b-4a6f-8d13-972ab4b9e760,2020-10-13T18:27:49.827Z
920a7a885172bb624dc8e778607f798a,655.56,DEBIT,Rutherford Durgan and Wuckert,2ca18d6f-e522-45ad-93f9-44917c1c28a3,2020-10-09T01:00:28.140Z
6c33dc1f76174fab5cb0deb3efdf108b,869.84,CREDIT,Dare Ruecker and McClure,ace30bd1-0256-47d6-b93a-87730f45c4d0,2020-10-15T22:58:03.121Z
920a7a885172bb624dc8e778607f798a,514.55,DEBIT,Rosenbaum Hettinger and Fadel,000dec8a-e73f-4375-945c-9e6a299f7e9c,2020-10-05T14:01:54.010Z
920a7a885172bb624dc8e778607f798a,353.76,CREDIT,Morar - Luettgen,84ae93a7-fae0-4dec-90e0-2e6f61dee288,2020-10-21T03:11:41.868Z
eaaa5356e9cd66740ebb30579c67b480,534.45,DEBIT,Runolfsdottir - O'Keefe,a2c2dcff-2e0b-4512-9d3d-3916c8fa77cf,2020-10-12T14:54:08.504Z
6c33dc1f76174fab5cb0deb3efdf108b,81.15,CREDIT,Wiegand Boyle and Cummings,3ea5fb4c-19ef-41f6-9356-af1ac3ab8876,2020-10-19T13:47:31.214Z
eaaa5356e9cd66740ebb30579c67b480,945.04,DEBIT,Zemlak and Sons,63042784-6076-4e67-be16-b91e37619392,2020-11-02T23:35:34.924Z
eaaa5356e9cd66740ebb30579c67b480,911.61,CREDIT,Ryan Inc,9e0b41eb-4041-4c79-a0ff-bac7ac5c1d95,2020-10-27T08:24:33.991Z
eaaa5356e9cd66740ebb30579c67b480,890.99,DEBIT,Thiel - Mills,d87e93f5-81c4-48ed-a132-e3888e4faefe,2020-10-31T12:11:42.059Z
6c33dc1f76174fab5cb0deb3efdf108b,256.73,CREDIT,Mraz Shanahan and Turcotte,066d5fea-221b-4337-85d7-2331f6b126ac,2020-10-29T13:56:38.905Z
920a7a885172bb624dc8e778607f798a,529.66,DEBIT,Fahey - Brekke,fae0365e-81c3-4b7a-a936-c5ea38650deb,2020-10-05T08:06:25.700Z
920a7a885172bb624dc8e778607f798a,621.18,CREDIT,Carroll Group,beb5309e-ea09-4943-ba5d-fa839b317337,2020-10-08T14:59:49.842Z
6c33dc1f76174fab5cb0deb3efdf108b,678.79,DEBIT,Cassin - Rutherford,e9b532f9-9827-4e5c-aaa4-ee99d71e94aa,2020-10-07T09:15:44.316Z
6c33dc1f76174fab5cb0deb3efdf108b,169.9,CREDIT,O'Kon Stoltenberg and Hudson,08f2320c-6a93-4222-a509-fccc18b9218a,2020-10-16T23:50:44.289Z
920a7a885172bb624dc8e778607f798a,451.27,DEBIT,Franecki Medhurst and Stehr,3ad9fbd8-4023-4147-98ad-acae5e9fb6a4,2020-10-07T05:44:07.629Z
920a7a885172bb624dc8e778607f798a,888.53,CREDIT,Rodriguez LLC,9a9c1aae-3d7b-4e51-a5fd-0878bd634136,2020-10-20T09:45:01.414Z
eaaa5356e9cd66740ebb30579c67b480,365.78,DEBIT,Champlin Mraz and Rowe,953f51b4-00cf-4cbc-a080-5cbf2380cee8,2020-10-23T00:28:51.485Z
eaaa5356e9cd66740ebb30579c67b480,715.27,CREDIT,Moen - Carter,dc24dcd7-45be-4fd1-89ed-01add2671e6d,2020-10-13T03:52:51.229Z
eaaa5356e9cd66740ebb30579c67b480,167.63,DEBIT,Nitzsche - Waters,1c6ede30-49a8-4e85-8f28-ccadb8b77ef3,2020-10-06T03:10:18.060Z
6c33dc1f76174fab5cb0deb3efdf108b,218.56,CREDIT,Hansen Gleichner and Little,fd79ec86-d26f-460a-a221-0cca58108e14,2020-10-06T20:35:15.627Z
6c33dc1f76174fab5cb0deb3efdf108b,707.5,DEBIT,Wilkinson Yost and Shanahan,8fd1dfe9-4cf7-4646-ab7d-cc7741b1b2df,2020-10-22T02:01:21.658Z
920a7a885172bb624dc8e778607f798a,589.5,CREDIT,Kunze Jast and Hamill,9a8e6a7e-7da7-4b7a-9c5b-83ceadb39344,2020-10-08T00:47:48.363Z
920a7a885172bb624dc8e778607f798a,386.51,DEBIT,Russel Labadie and Christiansen,e3dfb902-ac54-4474-9c9d-66fe6d222f5d,2020-10-15T23:48:09.576Z
920a7a885172bb624dc8e778607f798a,139.25,CREDIT,Dibbert - Cole,451b2dbf-08b8-4252-8b70-61aa66880c00,2020-11-02T07:26:24.590Z
eaaa5356e9cd66740ebb30579c67b480,934.86,DEBIT,Koelpin Macejkovic and Hand,b4660b5f-05ad-4963-8ba0-8388a9c60c8f,2020-10-29T08:59:33.843Z
6c33dc1f76174fab5cb0deb3efdf108b,667.71,CREDIT,Lehner Inc,8b41ea4e-7a1c-4b21-b4d7-85b4d1ed2339,2020-10-29T17:48:54.479Z
920a7a885172bb624dc8e778607f798a,453.8,DEBIT,Rohan and Sons,eafa91a1-f95e-4101-8e9a-37cd01e8faca,2020-10-10T15:16:55.923Z
920a7a885172bb624dc8e778607f798a,429.51,CREDIT,Kerluke Bauch and Klocko,593ddc1e-813d-48a9-b1af-0541f6b91e1c,2020-10-22T14:06:42.233Z
6c33dc1f76174fab5cb0deb3efdf108b,903.52,DEBIT,Sipes LLC,73c1d04a-016c-44ca-9793-9029bc8bb0e8,2020-10-15T19:21:58.345Z
920a7a885172bb624dc8e778607f798a,101.23,CREDIT,Hegmann - Schimmel,428d41b9-a218-4e93-9de3-16fbde57dadb,2020-10-07T23:40:32.085Z
6c33dc1f76174fab5cb0deb3efdf108b,235.18,DEBIT,Cassin Weissnat and Goldner,562d5791-00e5-4b4c-96df-cbd740ee2413,2020-10-07T04:27:17.620Z
920a7a885172bb624dc8e778607f798a,584.86,CREDIT,Hansen - Tromp,714e8340-23e9-4325-9c9c-8f8cbda6dd64,2020-10-08T15:41:40.338Z
eaaa5356e9cd66740ebb30579c67b480,64.95,DEBIT,Bartell Kunze and Pouros,f3efe3aa-7154-442b-a506-412c20dc6329,2020-10-29T06:13:47.029Z
6c33dc1f76174fab5cb0deb3efdf108b,743.62,CREDIT,Heaney Ankunding and Strosin,f492dd5d-f79e-41ae-b508-a819742ce7a2,2020-11-02T04:54:10.527Z
920a7a885172bb624dc8e778607f798a,818.82,DEBIT,Greenholt Herman and Reilly,f2ca04e3-319e-47d9-9c05-2ae0bed0733d,2020-10-30T14:27:37.960Z
6c33dc1f76174fab5cb0deb3efdf108b,476.63,CREDIT,Johnston Watsica and Weber,e1e1ccc7-0a40-4803-a8e0-6c6190827400,2020-10-04T21:02:53.459Z
6c33dc1f76174fab5cb0deb3efdf108b,756.06,DEBIT,Jones - McDermott,cfb673da-2ffe-4a79-b2d9-5ce92af04546,2020-10-31T21:08:30.314Z
920a7a885172bb624dc8e778607f798a,886.13,CREDIT,Strosin Group,7bcc42fb-6717-466e-8ed0-28d38a909d53,2020-10-22T10:21:29.192Z
6c33dc1f76174fab5cb0deb3efdf108b,137.54,DEBIT,Koepp LLC,beac6068-af09-4f5a-9f7f-02126bbdd9a2,2020-10-26T15:57:00.849Z
920a7a885172bb624dc8e778607f798a,248.9,CREDIT,Frami - Larson,012a8105-b6b1-40e5-a93f-2a00c08b500d,2020-10-11T22:44:23.589Z
920a7a885172bb624dc8e778607f798a,63.42,DEBIT,Farrell Purdy and Bins,c7552bf1-9708-45c4-a655-fdec541d15dc,2020-10-25T10:21:06.112Z
920a7a885172bb624dc8e778607f798a,846.76,CREDIT,Hyatt Effertz and Rutherford,23d6cf8a-c1dc-4dfa-bb8b-0daf75d90cf9,2020-10-07T03:05:58.344Z
920a7a885172bb624dc8e778607f798a,817.74,DEBIT,Windler Nicolas and Heidenreich,485703ea-d1be-438d-93a8-7a15fd2b1afb,2020-10-13T05:24:13.638Z
920a7a885172bb624dc8e778607f798a,872.99,CREDIT,Durgan Renner and Homenick,28cd152b-86fd-4eee-8905-0b52d00b0cf7,2020-10-05T20:50:49.329Z
920a7a885172bb624dc8e778607f798a,388.72,DEBIT,Nienow - Pfeffer,be2c716e-54f9-465b-b4d7-96fbeccf7ac7,2020-10-28T13:38:07.544Z
6c33dc1f76174fab5cb0deb3efdf108b,142.95,CREDIT,Will - McGlynn,7396443f-380d-4753-a484-e8236d44ace7,2020-10-10T14:02:47.589Z
eaaa5356e9cd66740ebb30579c67b480,63.99,DEBIT,Collier Kling and Mayert,342c2483-5b12-4a4e-adf4-bc25708ac8e4,2020-11-01T13:53:51.737Z
6c33dc1f76174fab5cb0deb3efdf108b,37.92,CREDIT,Schuppe Spinka and Boyle,a6bcfbf1-58ca-40ea-879c-4c8653c82d1b,2020-10-31T16:09:13.412Z
6c33dc1f76174fab5cb0deb3efdf108b,56.16,DEBIT,Upton - Walsh,fa2caae7-ec49-40dd-9d23-b8811029dd63,2020-10-31T17:21:22.798Z
6c33dc1f76174fab5cb0deb3efdf108b,423.25,CREDIT,Lindgren Blick and Friesen,334206b9-8eb9-4695-a601-67aecb2c096b,2020-10-23T08:33:55.177Z
eaaa5356e9cd66740ebb30579c67b480,727.52,DEBIT,Schaefer Smith and Reynolds,41fd03a7-8cf8-4bc8-8199-953747c2069d,2020-10-15T02:25:40.145Z
6c33dc1f76174fab5cb0deb3efdf108b,670.12,CREDIT,Bradtke Feeney and Cormier,51a929ff-6c4e-45e8-bcd7-0c405cbee834,2020-10-26T15:34:38.472Z
eaaa5356e9cd66740ebb30579c67b480,447.92,DEBIT,Bosco - Leffler,fe8edb31-aeac-4d91-bc3e-828a5a0e11b1,2020-10-29T10:48:08.009Z
eaaa5356e9cd66740ebb30579c67b480,20.84,CREDIT,Abbott Inc,30942bf2-78f5-4e3f-92f6-2513455fc9c7,2020-10-26T09:35:46.953Z
6c33dc1f76174fab5cb0deb3efdf108b,621.56,DEBIT,Collins - Leannon,9c72be9f-45b2-4e90-918b-1c7035687ade,2020-10-15T10:08:12.599Z
eaaa5356e9cd66740ebb30579c67b480,740.98,CREDIT,Bartell LLC,77a9103f-30f4-4595-830b-260aadec9d7f,2020-10-14T13:14:45.106Z
920a7a885172bb624dc8e778607f798a,283.48,DEBIT,Bashirian - Runte,45b7ec27-b4b8-4a80-9b91-74881fa76b13,2020-10-16T02:14:39.404Z
eaaa5356e9cd66740ebb30579c67b480,823.69,CREDIT,Beer Hansen and Bins,58e97ac8-d0f7-45a4-bd89-b21a1751bf19,2020-10-24T11:36:50.520Z
6c33dc1f76174fab5cb0deb3efdf108b,576.55,DEBIT,Hilll Reynolds and Bergnaum,8884d4cd-04cc-46db-bf83-cd60b2886fa0,2020-10-20T23:27:03.590Z
eaaa5356e9cd66740ebb30579c67b480,222.55,CREDIT,Crooks Group,1cb3d29f-1c16-48bf-b48e-4e5c5e1f4a30,2020-10-30T21:18:18.586Z
eaaa5356e9cd66740ebb30579c67b480,613.61,DEBIT,D'Amore Inc,d282e6e8-b259-4185-ab96-d7d17cc95b9e,2020-10-15T23:03:40.377Z
eaaa5356e9cd66740ebb30579c67b480,873.78,CREDIT,Mann - Morar,b5c9d100-ea2d-4766-a208-a1984661170b,2020-10-30T04:53:52.630Z
eaaa5356e9cd66740ebb30579c67b480,902.39,DEBIT,Strosin - Morar,d74debdd-6271-4962-ae4c-f0033dcadf11,2020-11-03T10:01:33.989Z
6c33dc1f76174fab5cb0deb3efdf108b,325.07,CREDIT,Steuber Group,88eda3d6-d0b9-409c-b1b7-20fd2beac9dc,2020-10-17T06:43:03.992Z
6c33dc1f76174fab5cb0deb3efdf108b,69.25,DEBIT,Windler - Bashirian,190603f4-455e-4136-ab7f-6e3d306db546,2020-10-29T11:58:22.038Z
eaaa5356e9cd66740ebb30579c67b480,98.14,CREDIT,Lehner - Conroy,907cf3c6-2685-40c1-b643-4c4c9523edbe,2020-10-07T18:30:27.627Z
6c33dc1f76174fab5cb0deb3efdf108b,980.8,DEBIT,Schinner - Price,1bcf990c-8b90-4d8d-9ba1-46f97d715fe0,2020-10-24T08:03:58.733Z
eaaa5356e9cd66740ebb30579c67b480,995.07,CREDIT,Vandervort Schuster and Greenholt,4b0be307-b2f9-457b-9370-1ea8ee67bc94,2020-10-07T00:16:50.375Z
eaaa5356e9cd66740ebb30579c67b480,549.48,DEBIT,Crooks - Weissnat,7923a6f0-08ee-41ae-9270-7f8964265afa,2020-10-23T11:17:06.811Z
920a7a885172bb624dc8e778607f798a,32.02,CREDIT,Hahn LLC,1354dee7-ae43-4227-adda-ad3c5279f021,2020-10-07T05:02:43.640Z
920a7a885172bb624dc8e778607f798a,35.49,DEBIT,Batz and Sons,eb3327a7-e768-4ade-8deb-eba4d420d72b,2020-10-14T11:31:00.220Z
920a7a885172bb624dc8e778607f798a,334.22,CREDIT,Harvey Inc,6ccc3e62-af6c-4dc5-bb99-fcb2efc656be,2020-10-30T16:39:36.875Z
eaaa5356e9cd66740ebb30579c67b480,428.36,DEBIT,Hintz Inc,89a0b20e-dcc8-4d1e-aea8-73d7e87dc2ce,2020-10-14T06:28:05.534Z
920a7a885172bb624dc8e778607f798a,341.29,CREDIT,Wuckert Walker and Nolan,77ee6780-87dd-480d-a5e8-9847f3bceaea,2020-10-22T22:07:47.499Z
920a7a885172bb624dc8e778607f798a,431.32,DEBIT,Gislason - McCullough,3dd703ac-7475-4f50-88fd-983dcaa105be,2020-10-05T11:11:44.438Z
920a7a885172bb624dc8e778607f798a,27.41,CREDIT,Swaniawski - Keebler,67c124cc-e778-4b8c-a129-923912f47c90,2020-10-27T21:59:15.877Z
eaaa5356e9cd66740ebb30579c67b480,592.35,DEBIT,Romaguera Inc,ef82b66e-f47f-43ed-98d4-74445c0fb48c,2020-10-21T10:09:02.892Z
6c33dc1f76174fab5cb0deb3efdf108b,414.32,CREDIT,Skiles and Sons,d9b6cb6b-5562-4f94-ae97-02e1c091068e,2020-10-14T01:48:06.705Z
6c33dc1f76174fab5cb0deb3efdf108b,321.6,DEBIT,Crona Inc,22a4cf86-da22-48cc-8a12-aab1296a472b,2020-10-09T00:53:24.805Z
6c33dc1f76174fab5cb0deb3efdf108b,927.11,CREDIT,O'Hara - Kunze,a0b98a4f-86a9-4798-9343-1d5455c428da,2020-10-22T02:37:01.545Z
6c33dc1f76174fab5cb0deb3efdf108b,547.66,DEBIT,Metz - Batz,66c65fbd-57bf-42cb-89e1-524e03cbff72,2020-10-14T06:54:40.321Z
920a7a885172bb624dc8e778607f798a,284.29,CREDIT,Stoltenberg Collins and Greenfelder,87e69e39-dd3e-4c43-b025-0aa3a06c3899,2020-10-04T19:09:32.261Z
eaaa5356e9cd66740ebb30579c67b480,286.29,DEBIT,Larson - Romaguera,63db30ef-ab8b-498a-89ce-5379ff781440,2020-10-25T09:44:40.450Z
920a7a885172bb624dc8e778607f798a,557.44,CREDIT,Bernhard Group,b89f0ceb-3234-4628-9bfc-2101e4a92602,2020-10-30T22:36:54.006Z
6c33dc1f76174fab5cb0deb3efdf108b,38.35,DEBIT,Roberts Schneider and Hackett,1f67359c-6028-4a84-8f0e-fd6e402aa6fa,2020-10-07T04:47:00.846Z
6c33dc1f76174fab5cb0deb3efdf108b,419.65,CREDIT,Ankunding - Hagenes,226fefcd-2f74-44d5-983d-d6cf2f6ae605,2020-10-30T05:12:39.979Z
920a7a885172bb624dc8e778607f798a,429.4,DEBIT,Koepp - Berge,e7915c22-a288-49e3-aab1-70fb2a3361da,2020-10-28T19:41:55.226Z
eaaa5356e9cd66740ebb30579c67b480,829.89,CREDIT,West Hane and Gibson,d928b6ab-df08-4cbb-8777-768669c038db,2020-10-17T18:49:15.125Z
eaaa5356e9cd66740ebb30579c67b480,685.83,DEBIT,Botsford LLC,60e03ecb-2044-4650-9277-3b2765262c14,2020-10-27T04:31:59.318Z
6c33dc1f76174fab5cb0deb3efdf108b,902.4,CREDIT,Rogahn Okuneva and Rempel,c86a6447-e1e5-4b7b-888f-51e3b0dd8e20,2020-10-08T23:20:18.661Z
eaaa5356e9cd66740ebb30579c67b480,802.47,DEBIT,Cole LLC,b7d36cbe-b37c-43f1-a2b3-558a1fa7903f,2020-11-02T19:22:35.696Z
eaaa5356e9cd66740ebb30579c67b480,360.52,CREDIT,Daniel Kuvalis and Barton,4b30bb7e-b554-4d84-bc1a-3cc74d3c68b5,2020-10-31T20:42:43.874Z
920a7a885172bb624dc8e778607f798a,989.52,DEBIT,McKenzie - Koelpin,871d39ee-d97d-4ef6-b916-f2bfe70ae25f,2020-10-07T12:29:17.454Z
6c33dc1f76174fab5cb0deb3efdf108b,671.07,CREDIT,Denesik Sporer and Morar,22bb6a57-2720-449a-b7b5-0923779601a0,2020-10-09T21:42:50.083Z
6c33dc1f76174fab5cb0deb3efdf108b,236.03,DEBIT,Kertzmann - Corwin,9c7d1f31-a9bd-4d19-bebe-d55c1ae5fc98,2020-10-28T16:58:44.619Z
6c33dc1f76174fab5cb0deb3efdf108b,772.09,CREDIT,O'Conner Group,3b94071d-341d-4f88-941d-f3eca0eacc13,2020-10-19T18:38:57.447Z
6c33dc1f76174fab5cb0deb3efdf108b,735.7,DEBIT,Schowalter - Erdman,8c57166c-0a3c-4fba-aa00-7509a1195df5,2020-10-25T15:28:38.171Z
eaaa5356e9cd66740ebb30579c67b480,67.03,CREDIT,Reynolds Klein and Daugherty,0c0a39d9-2ed2-448d-9c66-48ab35a1fa58,2020-10-05T04:20:03.610Z
6c33dc1f76174fab5cb0deb3efdf108b,395.75,DEBIT,Kub Weber and Abernathy,d46194f7-bf70-4a6b-84b6-812f224ffe50,2020-10-27T01:17:33.022Z
6c33dc1f76174fab5cb0deb3efdf108b,168.63,CREDIT,Larson - White,77156b71-f972-4c1c-b30b-8f3545ca3060,2020-10-31T12:03:34.868Z
920a7a885172bb624dc8e778607f798a,522.17,DEBIT,Lemke Ritchie and Breitenberg,1ecdc655-102c-443b-a32b-8d132ca66c5a,2020-10-12T23:47:22.887Z
6c33dc1f76174fab5cb0deb3efdf108b,548.14,CREDIT,Streich McCullough and Greenfelder,809bddcc-73ca-4cdd-ab54-e48115bb326d,2020-10-07T23:24:05.970Z
920a7a885172bb624dc8e778607f798a,728.69,DEBIT,Lind Group,45fa0da6-659d-4f66-81d0-c0e012815b08,2020-11-03T06:12:36.704Z
920a7a885172bb624dc8e778607f798a,97.26,CREDIT,Feil Collins and Hegmann,e5c358a5-fe75-46a2-a1c0-3769567f38de,2020-10-21T08:38:20.295Z
6c33dc1f76174fab5cb0deb3efdf108b,615.96,DEBIT,Johns Inc,0a4e2cea-082f-4895-a5fc-6a4cd91f4970,2020-10-23T04:09:43.267Z
920a7a885172bb624dc8e778607f798a,967.74,CREDIT,Feil - Ritchie,3343f907-5632-4079-9032-406e8bb37a7b,2020-10-27T04:50:00.638Z
6c33dc1f76174fab5cb0deb3efdf108b,654.28,DEBIT,Lindgren Schneider and Daniel,5ce86c23-c52e-4395-8a01-e0a5d217a3e1,2020-10-18T10:59:52.734Z
eaaa5356e9cd66740ebb30579c67b480,678.89,CREDIT,Denesik - Tremblay,5b03e30b-6b80-4db8-948e-833cd6c61fe8,2020-10-08T19:53:38.283Z
eaaa5356e9cd66740ebb30579c67b480,674.63,DEBIT,Klein and Sons,356c95bc-1125-4abb-87cf-37c921717774,2020-11-02T20:18:05.658Z
920a7a885172bb624dc8e778607f798a,964.29,CREDIT,Cartwright Inc,06af1bb5-6d01-4e3c-a432-6807550d4943,2020-10-08T03:37:53.781Z
920a7a885172bb624dc8e778607f798a,277.78,DEBIT,Reynolds Group,7c978055-7523-404c-95b5-e2ded504eb7c,2020-10-09T20:44:39.718Z
6c33dc1f76174fab5cb0deb3efdf108b,439.08,CREDIT,Morissette Lemke and Gibson,c34a45d7-9db7-4ecc-8c51-3bbb8ca807b1,2020-10-20T15:56:57.460Z
eaaa5356e9cd66740ebb30579c67b480,391.84,DEBIT,Stark Yost and Muller,1553503b-cb0d-41b3-b6cc-8c5d9f63e1dd,2020-10-22T03:08:04.195Z
6c33dc1f76174fab5cb0deb3efdf108b,693,CREDIT,Mitchell Inc,50de6e58-8a84-42d3-8316-cd026a863d12,2020-10-13T07:13:23.386Z
6c33dc1f76174fab5cb0deb3efdf108b,480.08,DEBIT,Mueller Inc,bfb90ff6-2c0c-4990-8931-9d45a9eacdd8,2020-10-21T12:42:47.187Z
6c33dc1f76174fab5cb0deb3efdf108b,987.04,CREDIT,Lang Williamson and Toy,1558ea6d-f16a-488c-83a7-a951309e801c,2020-10-17T21:02:50.301Z
6c33dc1f76174fab5cb0deb3efdf108b,479.58,DEBIT,McKenzie Gislason and MacGyver,bbbb0cf0-cbae-45ec-bc18-f36c2d56c4af,2020-10-29T09:02:48.984Z
6c33dc1f76174fab5cb0deb3efdf108b,463.29,CREDIT,Kassulke Group,3d62bc5b-a0ec-42c4-a963-afcc2f913815,2020-11-02T14:38:30.683Z
6c33dc1f76174fab5cb0deb3efdf108b,284.81,DEBIT,Wiegand - Schneider,289e7cf7-ccbf-461d-97c8-9290b3b1fcc6,2020-10-11T15:54:57.423Z
eaaa5356e9cd66740ebb30579c67b480,589.46,CREDIT,Roberts Satterfield and Dickinson,90961bd0-e77d-431b-a685-f1f05f94b99d,2020-10-23T08:07:31.430Z
6c33dc1f76174fab5cb0deb3efdf108b,900.39,DEBIT,Okuneva LLC,e4922562-f543-4f37-974b-149dfd661a2e,2020-10-24T23:49:59.681Z
6c33dc1f76174fab5cb0deb3efdf108b,447.09,CREDIT,Hickle Hagenes and Hand,a7113c26-f6e5-4fb9-bd48-fc6a545b107b,2020-10-10T05:07:28.500Z
920a7a885172bb624dc8e778607f798a,698.3,DEBIT,Leannon Predovic and Wolff,cbc79df5-1e76-493a-922e-006ce1aa7259,2020-10-17T17:50:23.939Z
eaaa5356e9cd66740ebb30579c67b480,723.32,CREDIT,Brekke Christiansen and Prosacco,c93f4933-e5bc-4177-aa1e-89ef09b502b5,2020-11-02T07:52:21.383Z
6c33dc1f76174fab5cb0deb3efdf108b,194.18,DEBIT,Hegmann and Sons,94afca78-0e54-4591-a617-3b8dcb6c34c7,2020-10-26T07:24:51.258Z
eaaa5356e9cd66740ebb30579c67b480,313.35,CREDIT,Leannon - Corwin,d1c9f084-05c4-409d-9937-303e47deaea1,2020-10-25T04:11:30.895Z
eaaa5356e9cd66740ebb30579c67b480,804.39,DEBIT,Kovacek - Gulgowski,9dda4cc0-2c4e-4ed7-985a-d82597c42812,2020-10-09T00:31:00.264Z
6c33dc1f76174fab5cb0deb3efdf108b,789.17,CREDIT,Crist - Moen,843aab3d-57a1-4eb8-9bdb-a60d5fa59e2b,2020-10-15T03:42:48.400Z
920a7a885172bb624dc8e778607f798a,499.29,DEBIT,Heathcote Hoeger and Bailey,555a87ff-d68f-4409-9b66-d05fb14aef78,2020-10-21T20:22:18.578Z
6c33dc1f76174fab5cb0deb3efdf108b,701.88,CREDIT,Reichel Reichert and Daugherty,bd738764-f6e8-4ce2-98cc-fb2562ffb642,2020-10-23T05:34:07.266Z
eaaa5356e9cd66740ebb30579c67b480,779.67,DEBIT,Simonis Hartmann and Trantow,5549be0b-6f42-44d7-b36b-bcd5ad8e4910,2020-10-08T23:21:32.059Z
eaaa5356e9cd66740ebb30579c67b480,350.12,CREDIT,Goodwin and Sons,2629a6b8-6bfa-4315-ae56-462ece48883c,2020-10-30T13:11:16.289Z
920a7a885172bb624dc8e778607f798a,952.4,DEBIT,Becker - Rohan,db735116-08e2-4f0a-8bab-9b2f4d7a1230,2020-10-23T18:49:03.285Z
eaaa5356e9cd66740ebb30579c67b480,318.59,CREDIT,Rice and Sons,0b061c46-c814-44e5-bdfb-31fbee9cf4fc,2020-10-22T13:28:37.729Z
6c33dc1f76174fab5cb0deb3efdf108b,44.16,DEBIT,Sawayn LLC,c7197cd8-3322-4ba4-89d7-961f9883d331,2020-11-02T11:17:01.206Z
6c33dc1f76174fab5cb0deb3efdf108b,561.61,CREDIT,DuBuque Graham and Christiansen,cb6821f0-7962-405c-a217-5e9ed56c19c9,2020-10-16T15:01:50.129Z
920a7a885172bb624dc8e778607f798a,688.69,DEBIT,Nitzsche Group,334eb996-6fcb-4680-a4c4-c53e3ec8f230,2020-10-06T23:22:19.348Z
6c33dc1f76174fab5cb0deb3efdf108b,990.5,CREDIT,Bruen - Boyle,4a65ac6d-fd08-4d29-b067-eb1ba5c23b31,2020-10-17T12:57:00.834Z
920a7a885172bb624dc8e778607f798a,597.04,DEBIT,Schaden McGlynn and Walker,d0aa3b51-0d56-43a8-84ea-abc06d434234,2020-10-21T07:10:52.547Z
6c33dc1f76174fab5cb0deb3efdf108b,337.85,CREDIT,Friesen Inc,d4a757ad-149d-44b6-a4b9-8c4c4066d546,2020-11-01T21:31:18.261Z
920a7a885172bb624dc8e778607f798a,617.88,DEBIT,Fadel Group,cc31c1c4-d76e-49bb-9f58-e92b7a32ddfa,2020-11-02T06:53:30.865Z
eaaa5356e9cd66740ebb30579c67b480,365.45,CREDIT,Jones and Sons,7d5ab23a-8b12-439b-84e4-fba71565471d,2020-10-25T04:16:06.112Z
6c33dc1f76174fab5cb0deb3efdf108b,196.26,DEBIT,Labadie - Abernathy,7dc85b32-5dfd-47d1-bc2b-29d360493103,2020-10-15T17:43:02.635Z
6c33dc1f76174fab5cb0deb3efdf108b,30.87,CREDIT,Muller and Sons,43e96837-49a4-4750-a7a4-03929c035236,2020-10-19T04:53:19.121Z
6c33dc1f76174fab5cb0deb3efdf108b,388.55,DEBIT,Koss - Murray,9fe5b4a7-2a38-4649-9c03-1afc58774773,2020-11-03T08:09:43.226Z
eaaa5356e9cd66740ebb30579c67b480,302.72,CREDIT,Pacocha Kohler and VonRueden,81539c0b-bc6e-4d3f-ad83-b8170c023e39,2020-10-24T03:52:39.797Z
eaaa5356e9cd66740ebb30579c67b480,457.68,DEBIT,Dibbert - Homenick,18faa724-c342-4e9f-8d93-1fd632c3a7dc,2020-11-01T13:42:01.326Z
920a7a885172bb624dc8e778607f798a,975.05,CREDIT,Bartoletti Blanda and Wiegand,d5dec031-aa17-4925-8efd-eab469eea325,2020-10-25T02:02:50.797Z
eaaa5356e9cd66740ebb30579c67b480,886.19,DEBIT,Schoen - Bode,cbc2b0a8-0da0-431a-8949-9192efc767e1,2020-10-21T18:12:00.744Z
6c33dc1f76174fab5cb0deb3efdf108b,716.25,CREDIT,Schuppe LLC,6e8c8e86-be25-48c9-875c-c74d89d816ed,2020-10-06T10:59:26.537Z
920a7a885172bb624dc8e778607f798a,801.41,DEBIT,Bradtke - Bartell,b32c1dec-5705-41ab-b169-8082bd7e52ad,2020-10-17T04:50:43.244Z
6c33dc1f76174fab5cb0deb3efdf108b,99.75,CREDIT,Spencer - Marks,9ed83f2e-ff8e-41b9-a53a-eea6e82522e0,2020-10-10T15:09:45.197Z
eaaa5356e9cd66740ebb30579c67b480,705.49,DEBIT,Rippin Hansen and Sporer,8b26f0a0-5f03-41f0-a421-3bdb9b588a74,2020-10-20T05:45:51.519Z
920a7a885172bb624dc8e778607f798a,163.41,CREDIT,Kilback Inc,72258ec8-d8bf-49c3-b8d7-5d7bb4092735,2020-10-13T21:28:32.338Z
eaaa5356e9cd66740ebb30579c67b480,28.02,DEBIT,Pacocha Johns and Aufderhar,dbd0905a-a84a-4e34-a648-dd44ec0016c2,2020-10-13T07:25:31.955Z
920a7a885172bb624dc8e778607f798a,22.18,CREDIT,Runolfsdottir Group,adcd9a6a-56a2-473b-a4f6-95798f48bc16,2020-10-20T17:42:06.478Z
eaaa5356e9cd66740ebb30579c67b480,258.58,DEBIT,Brekke - Sipes,d939028f-4243-4af4-bc4c-a36155dfebe0,2020-10-30T06:28:56.481Z
eaaa5356e9cd66740ebb30579c67b480,884.08,CREDIT,Boyer - Boehm,b9252053-db30-46fa-bb44-49bfc0c71f42,2020-10-28T08:32:02.588Z
6c33dc1f76174fab5cb0deb3efdf108b,230.15,DEBIT,Reichert - Botsford,773ddcd3-9f9f-47b9-a5a2-b362509957ff,2020-10-10T09:00:46.782Z
eaaa5356e9cd66740ebb30579c67b480,189.91,CREDIT,Leuschke Hermiston and Connelly,43e68d7f-11ad-40a3-a397-9132c58aa39a,2020-10-28T06:17:01.255Z
eaaa5356e9cd66740ebb30579c67b480,430.69,DEBIT,Brekke and Sons,c68dd915-eddb-4756-99b5-54e79ce41adb,2020-10-28T17:55:10.481Z
920a7a885172bb624dc8e778607f798a,595.02,CREDIT,Boyle Inc,d42f112e-d523-4b0d-b085-d06a7587a756,2020-11-01T02:19:45.496Z
eaaa5356e9cd66740ebb30579c67b480,629.47,DEBIT,Cronin - Bartell,04705027-62b2-4c4d-838f-458b8ba86e8d,2020-10-05T09:59:28.320Z
6c33dc1f76174fab5cb0deb3efdf108b,880.7,CREDIT,Blick Group,2f023fd6-371b-43b5-be8b-78a14f7ad5bc,2020-10-15T06:52:54.508Z
6c33dc1f76174fab5cb0deb3efdf108b,857.14,DEBIT,Smith - O'Hara,861a927d-45dc-44ba-99ee-a178140808fe,2020-10-28T07:21:38.634Z
eaaa5356e9cd66740ebb30579c67b480,724.1,CREDIT,MacGyver - Schaefer,90e53baa-07c7-4aa3-9820-7a53f0f9e68d,2020-10-26T04:01:37.544Z
eaaa5356e9cd66740ebb30579c67b480,73.92,DEBIT,Bartell - Effertz,6ad9d82f-cd34-43f7-bc93-f1886ef0a6d9,2020-10-26T18:58:34.843Z
6c33dc1f76174fab5cb0deb3efdf108b,425.52,CREDIT,McKenzie - Padberg,99f6a1be-88eb-4e4b-85b6-36e099b63ab8,2020-10-18T08:29:21.722Z
eaaa5356e9cd66740ebb30579c67b480,819.22,DEBIT,Fadel Inc,573d96e4-d656-4af8-bb63-df1c0e3cbc92,2020-11-03T02:19:28.136Z
920a7a885172bb624dc8e778607f798a,59.65,CREDIT,McLaughlin - Grimes,97fd3a01-4ab6-47b2-80b4-dc8bbfd1d2ef,2020-10-13T22:33:01.611Z
6c33dc1f76174fab5cb0deb3efdf108b,64.62,DEBIT,Keebler Abshire and Jones,9331d540-568e-476c-868c-fd1de05e10d5,2020-10-30T01:52:28.297Z
920a7a885172bb624dc8e778607f798a,406.82,CREDIT,Reichert Group,f38864e1-7b40-476d-b117-f9e669e3e07f,2020-10-17T04:56:45.890Z
920a7a885172bb624dc8e778607f798a,104.72,DEBIT,Smith and Sons,b1d302bf-0b47-4748-aa78-85aa73369875,2020-10-31T06:20:45.536Z
6c33dc1f76174fab5cb0deb3efdf108b,768.05,CREDIT,Hegmann - Balistreri,b2e5fc63-c0ec-44ea-8502-07f256529ea5,2020-10-05T18:26:32.646Z
eaaa5356e9cd66740ebb30579c67b480,464.94,DEBIT,Gaylord and Sons,54e78e2b-ff74-4493-910f-ba7382674eac,2020-10-04T16:25:17.577Z
eaaa5356e9cd66740ebb30579c67b480,169.36,CREDIT,Corkery Inc,1566c1c5-6455-4ab5-a962-0eb26f584e68,2020-10-26T23:30:10.839Z
eaaa5356e9cd66740ebb30579c67b480,910.08,DEBIT,Herman Barton and Rippin,35a4807e-6cb9-4da2-a416-227abd9bb451,2020-10-30T04:32:29.077Z
6c33dc1f76174fab5cb0deb3efdf108b,23.26,CREDIT,O'Reilly - Hintz,3e4481ae-5d5a-4b7e-9217-de5e2d0ecefd,2020-10-10T17:01:38.194Z
920a7a885172bb624dc8e778607f798a,554.28,DEBIT,McKenzie Greenholt and Rodriguez,0838eda4-5381-4e45-b38e-21e940d04f5f,2020-10-20T05:45:50.757Z
920a7a885172bb624dc8e778607f798a,855.39,CREDIT,Schimmel Ernser and Lueilwitz,eca9b34a-6f5b-4d7a-a801-1ad2a2d5ece1,2020-10-04T15:37:26.036Z
eaaa5356e9cd66740ebb30579c67b480,704.1,DEBIT,Abbott Group,77b5cbaf-df04-42b9-b46d-d22689629174,2020-10-26T12:39:36.068Z
920a7a885172bb624dc8e778607f798a,612.33,CREDIT,Renner - Schulist,7ec45736-2a18-4218-a58c-74818db9a5c5,2020-10-29T20:04:03.902Z
920a7a885172bb624dc8e778607f798a,596.93,DEBIT,Ritchie Group,772440b8-c37e-46d0-8c77-ab238b13cfb6,2020-10-25T17:30:09.480Z
920a7a885172bb624dc8e778607f798a,204.75,CREDIT,Farrell - Jerde,962d612e-77e1-41fe-9660-d7055308ac23,2020-10-05T03:23:21.049Z
6c33dc1f76174fab5cb0deb3efdf108b,137.96,DEBIT,Beatty Inc,6783904c-633f-49b8-a4d0-8459fe6da48a,2020-10-30T22:24:51.842Z
6c33dc1f76174fab5cb0deb3efdf108b,368.81,CREDIT,Pagac Berge and Hammes,3010215e-6030-4eae-bc04-89002eb02e1d,2020-10-22T09:43:36.404Z
920a7a885172bb624dc8e778607f798a,940.73,DEBIT,Sawayn - Heathcote,23998bc7-9c54-4bb2-94e6-2f76d5654543,2020-11-01T01:02:18.543Z
920a7a885172bb624dc8e778607f798a,153.38,CREDIT,Jacobson LLC,b80cd918-5ed9-43ff-b6b5-bc2d4c74a5a3,2020-11-02T04:04:07.118Z
eaaa5356e9cd66740ebb30579c67b480,530.02,DEBIT,Kirlin Kuphal and King,a3c23c83-88b1-4ab4-89b1-352ec85fae4a,2020-10-13T06:52:42.715Z
eaaa5356e9cd66740ebb30579c67b480,504.25,CREDIT,Langworth - Kemmer,e5f2cebc-3765-41d8-bc72-74f0725dd942,2020-11-03T07:22:51.587Z
eaaa5356e9cd66740ebb30579c67b480,591.74,DEBIT,Kutch - Streich,f966091d-6216-4b10-babe-fd1ea22e84a2,2020-10-05T02:42:14.743Z
920a7a885172bb624dc8e778607f798a,598.29,CREDIT,Conn Murazik and O'Keefe,91c17ccf-eaf6-47c5-a1d4-bc42a94c4b2e,2020-10-31T01:59:58.208Z
920a7a885172bb624dc8e778607f798a,198.45,DEBIT,Paucek Inc,cbd3863e-0813-4b40-811c-270dbd2a5ff1,2020-10-23T13:44:44.235Z
6c33dc1f76174fab5cb0deb3efdf108b,814.82,CREDIT,Keeling - Lowe,7e6d49b8-e0ee-4ef9-965c-2b081164c93e,2020-10-24T06:59:45.328Z
920a7a885172bb624dc8e778607f798a,560.58,DEBIT,Gerlach Inc,5d42598a-7af8-4c7f-b74c-78edc7a2a9b2,2020-10-28T20:39:28.930Z
eaaa5356e9cd66740ebb30579c67b480,985.22,CREDIT,Beier LLC,fd5a3643-7813-4b0e-89de-284fd104a5f9,2020-10-29T08:10:59.396Z
920a7a885172bb624dc8e778607f798a,774.97,DEBIT,Tromp Inc,38492841-5424-4dc9-896f-78eadbb4d3d9,2020-10-16T15:08:28.106Z
6c33dc1f76174fab5cb0deb3efdf108b,193.67,CREDIT,Pfeffer Inc,8437127c-124f-444e-80b3-de085859006d,2020-10-20T14:22:55.625Z
6c33dc1f76174fab5cb0deb3efdf108b,572.64,DEBIT,Ullrich Inc,9f36b4d5-e223-427e-b5b3-a40c4184f8f0,2020-10-12T05:58:10.534Z
6c33dc1f76174fab5cb0deb3efdf108b,273.21,CREDIT,Huel - Metz,3518816e-f302-48e6-bc51-5ce24268659f,2020-10-18T03:54:10.441Z
920a7a885172bb624dc8e778607f798a,791.79,DEBIT,Labadie - Frami,48fd073a-16e2-4cf4-9a71-5d19616e1475,2020-10-27T17:05:53.174Z
eaaa5356e9cd66740ebb30579c67b480,44.36,CREDIT,Schuppe Gottlieb and Barton,f017e211-3202-432f-8747-2fde81490155,2020-10-12T11:50:15.412Z
920a7a885172bb624dc8e778607f798a,570.14,DEBIT,Reynolds - Volkman,e026af2d-e919-403e-99a4-72fe33adcfdc,2020-10-15T22:14:08.087Z
eaaa5356e9cd66740ebb30579c67b480,669.98,CREDIT,Lakin Inc,8c6fcd83-697c-400c-96cc-8b49e82d52e6,2020-10-28T09:59:03.140Z
eaaa5356e9cd66740ebb30579c67b480,845.67,DEBIT,Douglas and Sons,9e399461-da03-4bca-b247-e61cf4c48256,2020-10-25T01:25:48.366Z
eaaa5356e9cd66740ebb30579c67b480,247.33,CREDIT,Morar Adams and Powlowski,3c425099-07c4-4e94-bca7-1d9d4eb6bbb9,2020-10-06T01:25:11.916Z
eaaa5356e9cd66740ebb30579c67b480,494.45,DEBIT,Koelpin Skiles and Willms,ec2d9f53-f378-408a-87fc-fba6dc262c86,2020-10-22T07:29:52.287Z
eaaa5356e9cd66740ebb30579c67b480,123.83,CREDIT,Becker Heathcote and Braun,6ecc177a-249b-4321-a13a-f3b41fe82a75,2020-10-24T01:34:01.136Z
eaaa5356e9cd66740ebb30579c67b480,590.04,DEBIT,Schmeler Harber and Nienow,23727902-3f7f-428a-b2d5-f76282b04943,2020-10-17T12:00:23.070Z
6c33dc1f76174fab5cb0deb3efdf108b,716.1,CREDIT,Mills LLC,db18803c-ec0f-454f-9a89-34a9d6f51f65,2020-10-23T07:46:54.692Z
6c33dc1f76174fab5cb0deb3efdf108b,124.76,DEBIT,Lynch Blick and Tremblay,38b0e99a-4cf1-45b3-8551-ca3581cac810,2020-10-17T15:54:15.506Z
eaaa5356e9cd66740ebb30579c67b480,352.61,CREDIT,Terry - Grady,2af18f78-d7b9-4545-90eb-92c6c981170a,2020-10-21T14:10:46.118Z
6c33dc1f76174fab5cb0deb3efdf108b,307.1,DEBIT,Harvey Hansen and Herman,49fc004e-73c2-44e0-a61d-9a4a8abbc61e,2020-10-11T00:43:45.886Z
eaaa5356e9cd66740ebb30579c67b480,610.62,CREDIT,Rolfson LLC,6b4e4839-b7cd-47a7-9651-8967a6ec5980,2020-10-07T17:39:30.281Z
920a7a885172bb624dc8e778607f798a,963.17,DEBIT,Aufderhar Inc,445e6c3f-a633-4506-926c-b975101947cf,2020-10-17T21:05:20.635Z
920a7a885172bb624dc8e778607f798a,297.13,CREDIT,Dare West and Mills,51d730d2-0765-4412-8edd-80de928accfe,2020-10-26T03:38:30.603Z
eaaa5356e9cd66740ebb30579c67b480,77.61,DEBIT,Gerlach - Schulist,63c55619-0ca3-4361-aa88-c2d2bc2f124b,2020-10-25T14:29:43.067Z
eaaa5356e9cd66740ebb30579c67b480,642.5,CREDIT,Ebert Senger and Nolan,54665cee-329d-4d9a-b71d-3e030e47fc28,2020-10-12T01:39:02.642Z
300